<?xml version="1.0" encoding="utf-8"?>
<route_prefixes>
  <route_type type="admin">
    <prefix original_prefix="add-ons" class="XenForo_Route_PrefixAdmin_AddOns" build_link="data_only"/>
    <prefix original_prefix="admin-navigation" class="XenForo_Route_PrefixAdmin_AdminNavigation" build_link="data_only"/>
    <prefix original_prefix="admin-permissions" class="XenForo_Route_PrefixAdmin_AdminPermissions" build_link="data_only"/>
    <prefix original_prefix="admin-style-properties" class="XenForo_Route_PrefixAdmin_AdminStyleProperties" build_link="data_only"/>
    <prefix original_prefix="admin-template-mods" class="XenForo_Route_PrefixAdmin_AdminTemplateModifications" build_link="data_only"/>
    <prefix original_prefix="admin-templates" class="XenForo_Route_PrefixAdmin_AdminTemplates" build_link="data_only"/>
    <prefix original_prefix="admins" class="XenForo_Route_PrefixAdmin_Admins" build_link="data_only"/>
    <prefix original_prefix="appearance" class="XenForo_Route_PrefixAdmin_Appearance" build_link="none"/>
    <prefix original_prefix="applications" class="XenForo_Route_PrefixAdmin_Applications" build_link="none"/>
    <prefix original_prefix="attachments" class="XenForo_Route_PrefixAdmin_Attachments" build_link="data_only"/>
    <prefix original_prefix="banning" class="XenForo_Route_PrefixAdmin_Banning" build_link="data_only"/>
    <prefix original_prefix="bb-code-media-sites" class="XenForo_Route_PrefixAdmin_BbCodeMediaSites" build_link="data_only"/>
    <prefix original_prefix="bb-codes" class="XenForo_Route_PrefixAdmin_BbCodes" build_link="data_only"/>
    <prefix original_prefix="captcha-questions" class="XenForo_Route_PrefixAdmin_CaptchaQuestions" build_link="data_only"/>
    <prefix original_prefix="categories" class="XenForo_Route_PrefixAdmin_Categories" build_link="data_only"/>
    <prefix original_prefix="code-event-listeners" class="XenForo_Route_PrefixAdmin_CodeEventListeners" build_link="data_only"/>
    <prefix original_prefix="code-events" class="XenForo_Route_PrefixAdmin_CodeEvents" build_link="data_only"/>
    <prefix original_prefix="cron" class="XenForo_Route_PrefixAdmin_Cron" build_link="data_only"/>
    <prefix original_prefix="development" class="XenForo_Route_PrefixAdmin_Development" build_link="all"/>
    <prefix original_prefix="email-template-mods" class="XenForo_Route_PrefixAdmin_EmailTemplateModifications" build_link="data_only"/>
    <prefix original_prefix="email-templates" class="XenForo_Route_PrefixAdmin_EmailTemplates" build_link="data_only"/>
    <prefix original_prefix="feeds" class="XenForo_Route_PrefixAdmin_Feeds" build_link="data_only"/>
    <prefix original_prefix="forums" class="XenForo_Route_PrefixAdmin_Forums" build_link="data_only"/>
    <prefix original_prefix="help-pages" class="XenForo_Route_PrefixAdmin_HelpPages" build_link="data_only"/>
    <prefix original_prefix="import" class="XenForo_Route_PrefixAdmin_Import" build_link="none"/>
    <prefix original_prefix="index" class="XenForo_Route_PrefixAdmin_Index" build_link="none"/>
    <prefix original_prefix="languages" class="XenForo_Route_PrefixAdmin_Languages" build_link="data_only"/>
    <prefix original_prefix="link-forums" class="XenForo_Route_PrefixAdmin_LinkForums" build_link="data_only"/>
    <prefix original_prefix="login" class="XenForo_Route_PrefixAdmin_Login" build_link="none"/>
    <prefix original_prefix="logs" class="XenForo_Route_PrefixAdmin_Logs" build_link="data_only"/>
    <prefix original_prefix="moderators" class="XenForo_Route_PrefixAdmin_Moderators" build_link="data_only"/>
    <prefix original_prefix="node-permissions" class="XenForo_Route_PrefixAdmin_NodePermissions" build_link="data_only"/>
    <prefix original_prefix="nodes" class="XenForo_Route_PrefixAdmin_Nodes" build_link="data_only"/>
    <prefix original_prefix="notices" class="XenForo_Route_PrefixAdmin_Notices" build_link="data_only"/>
    <prefix original_prefix="options" class="XenForo_Route_PrefixAdmin_Options" build_link="data_only"/>
    <prefix original_prefix="pages" class="XenForo_Route_PrefixAdmin_Pages" build_link="data_only"/>
    <prefix original_prefix="permissions" class="XenForo_Route_PrefixAdmin_Permissions" build_link="data_only"/>
    <prefix original_prefix="phrases" class="XenForo_Route_PrefixAdmin_Phrases" build_link="data_only"/>
    <prefix original_prefix="route-filters" class="XenForo_Route_PrefixAdmin_RouteFilters" build_link="data_only"/>
    <prefix original_prefix="route-prefixes" class="XenForo_Route_PrefixAdmin_RoutePrefixes" build_link="data_only"/>
    <prefix original_prefix="search" class="XenForo_Route_PrefixAdmin_Search" build_link="data_only"/>
    <prefix original_prefix="smilie-categories" class="XenForo_Route_PrefixAdmin_SmilieCategories" build_link="data_only"/>
    <prefix original_prefix="smilies" class="XenForo_Route_PrefixAdmin_Smilies" build_link="data_only"/>
    <prefix original_prefix="spam-cleaner" class="XenForo_Route_PrefixAdmin_SpamCleaner" build_link="data_only"/>
    <prefix original_prefix="stats" class="XenForo_Route_PrefixAdmin_Stats" build_link="data_only"/>
    <prefix original_prefix="style-properties" class="XenForo_Route_PrefixAdmin_StyleProperties" build_link="data_only"/>
    <prefix original_prefix="style-property-defs" class="XenForo_Route_PrefixAdmin_StylePropertyDefinitions" build_link="data_only"/>
    <prefix original_prefix="style-property-groups" class="XenForo_Route_PrefixAdmin_StylePropertyGroups" build_link="data_only"/>
    <prefix original_prefix="styles" class="XenForo_Route_PrefixAdmin_Styles" build_link="data_only"/>
    <prefix original_prefix="system-permissions" class="XenForo_Route_PrefixAdmin_SystemPermissions" build_link="none"/>
    <prefix original_prefix="template-modifications" class="XenForo_Route_PrefixAdmin_TemplateModifications" build_link="data_only"/>
    <prefix original_prefix="templates" class="XenForo_Route_PrefixAdmin_Templates" build_link="data_only"/>
    <prefix original_prefix="thread-prefixes" class="XenForo_Route_PrefixAdmin_ThreadPrefixes" build_link="data_only"/>
    <prefix original_prefix="threads" class="XenForo_Route_PrefixAdmin_Threads" build_link="data_only"/>
    <prefix original_prefix="tools" class="XenForo_Route_PrefixAdmin_Tools" build_link="none"/>
    <prefix original_prefix="trophies" class="XenForo_Route_PrefixAdmin_Trophies" build_link="data_only"/>
    <prefix original_prefix="user-fields" class="XenForo_Route_PrefixAdmin_UserFields" build_link="data_only"/>
    <prefix original_prefix="user-group-permissions" class="XenForo_Route_PrefixAdmin_UserGroupPermissions" build_link="data_only"/>
    <prefix original_prefix="user-group-promotions" class="XenForo_Route_PrefixAdmin_UserGroupPromotions" build_link="data_only"/>
    <prefix original_prefix="user-groups" class="XenForo_Route_PrefixAdmin_UserGroups" build_link="data_only"/>
    <prefix original_prefix="user-permissions" class="XenForo_Route_PrefixAdmin_UserPermissions" build_link="data_only"/>
    <prefix original_prefix="user-title-ladder" class="XenForo_Route_PrefixAdmin_UserTitleLadder" build_link="none"/>
    <prefix original_prefix="user-upgrades" class="XenForo_Route_PrefixAdmin_UserUpgrades" build_link="data_only"/>
    <prefix original_prefix="users" class="XenForo_Route_PrefixAdmin_Users" build_link="data_only"/>
    <prefix original_prefix="warnings" class="XenForo_Route_PrefixAdmin_Warnings" build_link="data_only"/>
    <prefix original_prefix="_css" class="XenForo_Route_PrefixAdmin_CssInternal" build_link="none"/>
  </route_type>
  <route_type type="public">
    <prefix original_prefix="account" class="XenForo_Route_Prefix_Account" build_link="none"/>
    <prefix original_prefix="account-confirmation" class="XenForo_Route_Prefix_AccountConfirmation" build_link="data_only"/>
    <prefix original_prefix="attachments" class="XenForo_Route_Prefix_Attachments" build_link="data_only"/>
    <prefix original_prefix="categories" class="XenForo_Route_Prefix_Categories" build_link="data_only"/>
    <prefix original_prefix="conversations" class="XenForo_Route_Prefix_Conversations" build_link="data_only"/>
    <prefix original_prefix="edit-history" class="XenForo_Route_Prefix_EditHistory" build_link="data_only"/>
    <prefix original_prefix="editor" class="XenForo_Route_Prefix_Editor" build_link="none"/>
    <prefix original_prefix="find-new" class="XenForo_Route_Prefix_FindNew" build_link="data_only"/>
    <prefix original_prefix="forums" class="XenForo_Route_Prefix_Forums" build_link="data_only"/>
    <prefix original_prefix="goto" class="XenForo_Route_Prefix_Goto" build_link="none"/>
    <prefix original_prefix="help" class="XenForo_Route_Prefix_Help" build_link="data_only"/>
    <prefix original_prefix="index" class="XenForo_Route_Prefix_Index" build_link="none"/>
    <prefix original_prefix="inline-mod" class="XenForo_Route_Prefix_InlineMod" build_link="none"/>
    <prefix original_prefix="link-forums" class="XenForo_Route_Prefix_LinkForums" build_link="data_only"/>
    <prefix original_prefix="login" class="XenForo_Route_Prefix_Login" build_link="none"/>
    <prefix original_prefix="logout" class="XenForo_Route_Prefix_Logout" build_link="none"/>
    <prefix original_prefix="lost-password" class="XenForo_Route_Prefix_LostPassword" build_link="data_only"/>
    <prefix original_prefix="members" class="XenForo_Route_Prefix_Members" build_link="all"/>
    <prefix original_prefix="misc" class="XenForo_Route_Prefix_Misc" build_link="none"/>
    <prefix original_prefix="moderation-queue" class="XenForo_Route_Prefix_ModerationQueue" build_link="none"/>
    <prefix original_prefix="online" class="XenForo_Route_Prefix_Online" build_link="data_only"/>
    <prefix original_prefix="pages" class="XenForo_Route_Prefix_Pages" build_link="all"/>
    <prefix original_prefix="posts" class="XenForo_Route_Prefix_Posts" build_link="data_only"/>
    <prefix original_prefix="profile-posts" class="XenForo_Route_Prefix_ProfilePosts" build_link="data_only"/>
    <prefix original_prefix="recent-activity" class="XenForo_Route_Prefix_RecentActivity" build_link="none"/>
    <prefix original_prefix="register" class="XenForo_Route_Prefix_Register" build_link="none"/>
    <prefix original_prefix="reports" class="XenForo_Route_Prefix_Reports" build_link="data_only"/>
    <prefix original_prefix="search" class="XenForo_Route_Prefix_Search" build_link="data_only"/>
    <prefix original_prefix="spam-cleaner" class="XenForo_Route_Prefix_SpamCleaner" build_link="data_only"/>
    <prefix original_prefix="threads" class="XenForo_Route_Prefix_Threads" build_link="data_only"/>
    <prefix original_prefix="warnings" class="XenForo_Route_Prefix_Warnings" build_link="data_only"/>
    <prefix original_prefix="watched" class="XenForo_Route_Prefix_Watched" build_link="none"/>
  </route_type>
</route_prefixes>
